Stock,Open (Buy),nr. shares,price/share,buy value,Date,Close (Sell),nr. shares.1,price/share.1,sell value,Date.1,col1,buy_date_new
AAPL,B,0.01,142,1.42,27.01.2021,S,0.01,146,1.45,29.07.2021,,1/27/2021
AAPL,B,0.01,125.87,1.26,28.08.2020,S,0.01,136.00,1.35,04.02.2021,,8/28/2020
AAPL,B,0.07,125.87,8.81,28.08.2020,S,0.07,116.29,8.13,09.10.2020,,8/28/2020
AAPL,B,1,131.13,132.36,01.09.2020,S,1,120.01,120.00,17.11.2020,,9/1/2020
AAPL,B,1.07,115.60,124.90,15.09.2020,S,1.07,114.80,122.83,08.10.2020,,9/15/2020
AAPL,B,0.5,114.98,57.49,06.10.2020,S,0.5,115.04,57.51,07.10.2020,,10/6/2020
AMC,B,10,10,100,28.01.2021,S,10,8.91,89.09,02.03.2021,,1/28/2021
AMC,B,0.55,10.8,5.94,28.01.2021,S,0.55,11.27,6.2,26.04.2021,,1/28/2021
AMC,B,4,13.22,52.88,29.01.2021,S,4,13.98,55.93,18.03.2021,,1/29/2021
AMC,B,4,13.22,52.88,29.01.2021,S,4,11.08,44.33,23.03.2021,,1/29/2021
AMC,B,0.45,10.2,4.59,31.03.2021,S,0.45,11.27,5.07,26.04.2021,,3/31/2021
AMC,B,10,8.8,88.05,12.04.2021,S,10,9.91,99.09,15.04.2021,,4/12/2021
AMC,B,10,10.13,101.3,23.04.2021,S,10,11.27,112.69,26.04.2021,,4/23/2021
AMC,B,1,49.5,49.5,08.07.2021,S,1,22.27,22.26,05.08.2022,,7/8/2021
AMC,B,0.7,36.91,25.84,07.10.2021,S,0.7,37.41,26.18,13.10.2021,,10/7/2021
AMC,B,1,36.76,36.76,29.11.2021,S,1,22.27,22.26,05.08.2022,,11/29/2021
AMC,B,10,12.72,127.19,27.06.2022,S,10,13.98,139.79,27.06.2022,,6/27/2022
AMC,B,10,13.66,136.59,28.06.2022,S,10,14.67,146.68,07.07.2022,,6/28/2022
AMD,B,0.1,84.5,8.45,05.08.2020,S,0.1,81.4,8.13,21.04.2021,,8/5/2020
AMD,B,0.05,79.4,5.18,11.08.2020,S,0.05,83.66,4.18,05.10.2020,,8/11/2020
AMD,B,0.45,78.33,36.46,16.09.2020,S,0.45,83.66,37.64,05.10.2020,,9/16/2020
AMD,B,0.09,86.7,7.8,07.10.2035,S,0.09,85.33,7.67,06.10.2020,,10/7/2035
AMD,B,0.01,86.7,0.87,07.10.2035,S,0.01,86,0.85,06.10.2020,,10/7/2035
AMD,B,0.6,84.33,50.6,12.10.2020,S,0.6,81.1,48.65,21.10.2020,,10/12/2020
AMZN,B,0.01,3050,30.5,10.11.2020,S,0.01,3331,33.3,18.02.2021,,11/10/2020
AMZN,B,0.0025,3184,7.96,05.08.2020,S,0.0025,3179.66,7.95,05.10.2020,,8/5/2020
AMZN,B,0.05,3130.4,157.73,16.09.2020,S,0.05,3176,158.8,07.10.2025,,9/16/2020
AMZN,B,0.01,3002.67,30.02,17.09.2020,S,0.01,3155.14,31.55,17.11.2020,,9/17/2020
AMZN,B,0.035,3002.67,105.09,17.09.2020,S,0.035,3155.14,110.42,17.11.2020,,9/17/2020
AMZN,B,0.05,3147,157.35,06.10.2020,S,0.05,3179.66,158.97,05.10.2020,,10/6/2020
AMZN,B,0.01,3179,31.79,08.10.2020,S,0.01,3179.66,31.79,05.10.2020,,10/8/2020
AMZN,B,0.025,3306.8,82.67,15.10.2020,S,0.025,3179.66,79.49,05.10.2020,,10/15/2020
APPN,B,0.02,82,1.64,13.10.2020,S,0.02,99.5,1.98,16.09.2021,,10/13/2020
APPS,B,0.1,36.1,3.61,08.10.2020,S,0.1,67.9,6.78,22.09.2021,,10/8/2020
APPS,B,2,38,76,12.10.2020,S,2,38.13,76.25,19.10.2020,,10/12/2020
APPS,B,4,39.87,159.48,05.11.2020,S,4,45.15,180.59,30.11.2020,,11/5/2020
APPS,B,3,65.71,197.13,06.08.2021,S,3,69.5,208.49,30.09.2021,,8/6/2021
AZN,B,0.05,54,2.7,23.11.2020,S,0.05,53.2,2.65,21.04.2021,,11/23/2020
AZN,B,1,53.85,53.85,04.12.2020,S,1,48.86,48.85,23.12.2020,,12/4/2020
BB,B,10,15.5,155,28.01.2021,S,10,15.79,157.89,02.06.2021,,1/28/2021
BB,B,2,15.44,30.88,28.01.2021,S,2,13.01,26.01,12.02.2021,,1/28/2021
BB,B,5,10.76,53.8,18.03.2021,S,5,11.01,55.04,01.06.2021,,3/18/2021
BB,B,3,9.48,28.44,26.03.2021,S,3,8.19,24.56,10.05.2021,,3/26/2021
BB,B,1,13.97,13.97,15.06.2021,S,1,6.18,6.18,23.08.2022,,6/15/2021
BB,B,1.75,6.78,11.87,01.03.2022,S,1.75,6.18,10.81,23.08.2022,,3/1/2022
BB,B,2.25,7.46,16.79,31.03.2022,S,2.25,6.18,13.9,23.08.2022,,3/31/2022
BB,B,3,6.1,18.3,26.05.2022,S,3,6.15,18.26,02.06.2022,,5/26/2022
BNTX,B,0.01,104,1.04,09.11.2020,S,0.01,120,1.19,10.02.2021,,11/9/2020
BNTX,B,1,104,104,20.11.2020,S,1,110.51,110.5,15.12.2020,,11/20/2020
BNTX,B,1,120,120,14.12.2020,S,1,114.27,114.26,29.01.2021,,12/14/2020
BNTX,B,1.5,107.97,161.96,26.01.2021,S,1.5,110.03,165.04,28.01.2021,,1/26/2021
DDOG,B,0.01,100,1,08.12.2020,S,0.01,152,1.51,13.10.2021,,12/8/2020
DDOG,B,0.9,89.66,80.69,16.09.2020,S,0.9,103.07,92.75,30.09.2020,,9/16/2020
DDOG,B,0.5,106.84,53.42,05.10.2020,S,0.5,113.7,56.84,14.10.2020,,10/5/2020
DDOG,B,0.2,103.7,20.74,08.10.2020,S,0.2,113.7,22.74,14.10.2020,,10/8/2020
DDOG,B,1,109.59,109.59,20.10.2020,S,1,110,109.99,25.01.2021,,10/20/2020
DDOG,B,0.1,89.66,8.96,16.09.2020,S,0.1,110,11,25.01.2021,,9/16/2020
ENPH,B,0.01,107,1.07,08.10.2020,S,0.01,118,1.17,10.05.2021,,10/8/2020
ENPH,B,1,148.25,148.25,29.04.2021,S,1,163.04,163.03,21.06.2021,,4/29/2021
FB,B,0.05,293.4,14.67,28.08.2020,S,0.05,310.4,15.51,12.04.2021,,8/28/2020
FB,B,0.46,269.83,124.12,10.11.2020,S,0.46,276.98,127.4,13.11.2020,,11/10/2020
FB,B,0.2,269.09,55.03,16.09.2020,S,0.2,262.8,52.55,08.10.2020,,9/16/2020
FB,B,0.8,269.09,215.27,16.09.2020,S,0.8,274.91,219.92,13.10.2020,,9/16/2020
FB,B,0.2,262.3,52.46,06.10.2020,S,0.2,262.55,52.5,08.10.2020,,10/6/2020
FB,B,0.4,264.32,105.73,20.10.2020,S,0.4,282.22,112.88,27.10.2020,,10/20/2020
FB,B,0.43,264.6,113.78,30.10.2020,S,0.43,284.91,122.5,04.11.2020,,10/30/2020
FCEL,B,0.1,12.9,1.29,08.04.2021,S,0.1,10.4,1.03,11.06.2021,,4/8/2021
FCEL,B,0.35,9.2,3.22,21.04.2021,S,0.35,11.63,4.06,07.06.2021,,4/21/2021
FCEL,B,1.6,9.32,14.91,21.04.2021,S,1.6,8.47,13.54,20.05.2021,,4/21/2021
FCEL,B,5,10.43,52.15,29.04.2021,S,5,11.43,57.15,07.06.2021,,4/29/2021
FSLR,B,0.02,84.5,1.69,23.10.2020,S,0.02,104,2.07,16.09.2021,,10/23/2020
FSLY,B,0.01,130,1.3,13.10.2020,,,,,,,10/13/2020
FSLY,B,0.65,128.55,83.56,13.10.2020,S,0.65,84.62,54.99,16.10.2020,,10/13/2020
FSLY,B,1,78.92,78.92,22.10.2020,S,1,82.51,82.5,20.11.2020,,10/22/2020
FSLY,B,1,72.14,72.14,05.11.2020,S,1,72.12,72.11,06.11.2020,,11/5/2020
FSLY,B,1.5,79.57,119.36,13.11.2020,S,1.5,83.3,124.94,20.11.2020,,11/13/2020
FSLY,B,2,85.25,170.5,30.11.2020,S,2,92.26,184.51,04.12.2020,,11/30/2020
FSLY,B,1,93.88,93.88,15.12.2020,S,1,102.34,102.33,23.12.2020,,12/15/2020
FSLY,B,1,41.31,41.31,29.11.2021,,,,,,,11/29/2021
GME,B,0.1,14,1.4,15.10.2020,S,0.1,126,12.6,28.01.2021,,10/15/2020
GME,B,6.5,14.45,93.03,15.10.2020,S,6.5,11.35,73.77,13.11.2020,,10/15/2020
GME,B,1,15.2,15.2,22.10.2020,S,1,16.75,16.74,08.12.2020,,10/22/2020
GME,B,0.8,13.82,11.06,24.11.2020,S,0.8,16.05,12.83,03.12.2020,,11/24/2020
GME,B,1.7,16.76,28.49,01.12.2020,S,1.7,19,32.29,22.12.2020,,12/1/2020
GME,B,1.75,16.14,28.25,01.12.2020,S,1.75,18.92,33.1,22.12.2020,,12/1/2020
GME,B,0.5,16.12,8.06,01.12.2020,S,0.5,18.06,9.02,22.12.2020,,12/1/2020
GME,B,2,14,28,09.12.2020,S,2,14.26,28.52,16.12.2020,,12/9/2020
GME,B,17,12.7,215.9,14.12.2020,S,17,13.11,222.86,15.12.2020,,12/14/2020
GME,B,2,33.5,67,13.01.2021,S,2,31.55,63.09,13.01.2021,,1/13/2021
GME,B,1.4,41.58,58.21,14.01.2021,S,1.4,50.8,71.11,22.01.2021,,1/14/2021
GME,B,0.05,317.8,15.89,27.01.2021,S,0.05,126,6.29,28.01.2021,,1/27/2021
GME,B,0.11,209.82,23.08,28.01.2021,S,0.11,291,32.01,10.03.2021,,1/28/2021
GME,B,0.65,239.98,155.99,28.01.2021,S,0.65,280.63,237.53,10.03.2021,,1/28/2021
GME,B,0.24,219.79,52.75,28.01.2021,S,0.24,222.5,53.39,09.03.2021,,1/28/2021
GME,B,0.55,83.71,46.04,04.02.2021,S,0.55,120.11,66.05,02.03.2021,,2/4/2021
GME,B,1,70.25,70.25,05.02.2021,S,1,101.45,101.44,26.02.2021,,2/5/2021
GME,B,0.85,123.46,104.94,25.02.2021,S,0.85,203.11,132.01,10.03.2021,,2/25/2021
GME,B,0.15,155.32,23.3,25.02.2021,S,0.15,280.63,43.09,10.03.2021,,2/25/2021
GME,B,0.35,155.32,54.36,25.02.2021,S,0.35,203.11,71.09,10.03.2021,,2/25/2021
GME,B,0.15,155.32,23.3,25.02.2021,S,0.15,177.6,26.63,26.03.2021,,2/25/2021
GME,B,1,102.25,102.25,01.03.2021,S,1,304.35,304.34,10.03.2021,,3/1/2021
GME,B,0.24,235,56.4,09.03.2021,S,0.24,291,69.83,10.03.2021,,3/9/2021
GME,B,1,269,269,10.03.2021,S,1,274.53,274.52,02.06.2021,,3/10/2021
GME,B,1,150,150,19.07.2022,S,1,153.48,153.48,22.07.2022,,7/19/2022
GME,B,4,38.37,153.48,22.07.2022,S,4,34.71,138.82,23.08.2022,,7/22/2022
GME,B,3,26.25,78.75,27.10.2022,S,3,26.7,80.08,05.12.2022,,10/27/2022
GOOGL,B,0.001,1558.8,1.58,15.10.2020,S,0.001,2050,2.04,08.03.2021,,10/15/2020
GOOGL,B,0.02,1642.5,34.07,03.09.2020,S,0.02,1648.5,32.96,30.10.2020,,9/3/2020
GOOGL,B,0.03,1528.33,47.06,16.09.2020,S,0.03,1662.18,49.86,30.10.2020,,9/16/2020
GOOGL,B,0.025,1464.8,36.62,06.10.2020,S,0.025,1479.6,36.98,08.10.2020,,10/6/2020
GOOGL,B,0.025,1558.8,38.97,15.10.2020,S,0.025,1662.18,41.55,30.10.2020,,10/15/2020
HOME,B,0.1,16.5,1.65,08.12.2020,S,0.1,36.8,3.67,17.06.2021,,12/8/2020
HOME,B,5,17.91,89.55,05.10.2020,S,5,19.9,99.49,12.10.2020,,10/5/2020
HOME,B,1,18.45,18.45,06.10.2020,S,1,21.05,21.04,28.10.2020,,10/6/2020
HOME,B,2,20.88,41.76,13.10.2020,S,2,19.91,39.81,08.01.2021,,10/13/2020
HOME,B,3.5,21.14,73.99,19.10.2020,S,3.5,21.94,76.78,13.01.2021,,10/19/2020
HOME,B,1.5,16.46,25.14,29.10.2020,S,1.5,17.3,25.94,24.11.2020,,10/29/2020
HOME,B,5,27.1,135.5,24.03.2021,S,5,28.21,141.05,31.03.2021,,3/24/2021
JKS,B,0.05,70.2,3.51,07.01.2021,S,0.05,56.96,2.84,04.05.2022,,1/7/2021
JKS,B,3.5,42.8,151,01.10.2020,S,3.5,58.11,203.38,12.10.2020,,10/1/2020
JKS,B,2.5,45.27,113.18,05.10.2020,S,2.5,58.11,145.27,12.10.2020,,10/5/2020
JKS,B,2.5,48.23,120.58,05.10.2020,S,2.5,58.11,145.27,12.10.2020,,10/5/2020
JKS,B,0.5,47.2,23.6,06.10.2020,S,0.5,58.11,29.05,12.10.2020,,10/6/2020
JKS,B,5,53.47,267.35,07.10.2020,S,5,63.65,318.23,15.10.2020,,10/7/2020
JKS,B,2,53.77,107.54,08.10.2020,S,2,64.05,128.09,03.11.2020,,10/8/2020
JKS,B,0.75,54.16,40.62,08.10.2020,S,0.75,65.45,49.08,15.10.2020,,10/8/2020
JKS,B,10,61.89,618.9,13.10.2020,S,10,63,629.98,05.11.2020,,10/13/2020
JKS,B,2,62.65,125.3,13.10.2020,S,2,66.32,132.63,22.10.2020,,10/13/2020
JKS,B,1,50.91,50.91,07.10.2022,S,1,48.04,48.02,27.10.2022,,10/7/2022
JKS,B,4,52.96,211.83,05.12.2022,S,4,53.05,212.18,10.01.2023,,12/5/2022
JKS,B,3,50.45,151.35,06.12.2022,S,3,49.74,149.2,09.01.2023,,12/6/2022
JKS,B,2,41.03,82.06,23.12.2022,S,2,46.11,92.2,06.01.2023,,12/23/2022
LI,B,0.05,31.6,1.58,16.12.2020,S,0.05,34.91,1.75,30.06.2021,,12/16/2020
LI,B,1,31.24,31.24,16.12.2020,S,1,29.81,29.8,17.02.2021,,12/16/2020
LI,B,0.4,32.15,12.86,22.12.2020,S,0.4,34.91,13.42,30.06.2021,,12/22/2020
LI,B,1,31.44,31.44,22.12.2020,S,1,32.74,32.73,04.08.2021,,12/22/2020
LI,B,1,31.27,31.27,22.12.2020,S,1,29.86,29.85,17.02.2021,,12/22/2020
LI,B,4,30.25,121,23.12.2020,S,4,31.85,127.39,12.02.2021,,12/23/2020
LI,B,1,23.7,23.7,23.02.2021,S,1,25.04,25.03,02.03.2021,,2/23/2021
LI,B,6,23.73,142.38,01.06.2021,S,6,28.76,172.56,15.06.2021,,6/1/2021
LI,B,10,24.33,243.29,02.06.2021,S,10,32.51,325.09,02.07.2021,,6/2/2021
LI,B,1,26.21,26.21,30.09.2021,S,1,27.38,27.37,06.10.2021,,9/30/2021
LI,B,5,31.39,156.95,08.11.2021,S,5,32.17,160.85,17.11.2021,,11/8/2021
LI,B,6,19.17,115.01,15.11.2022,S,6,21.47,128.8,30.11.2022,,11/15/2022
LI,B,10,22.2,222,10.01.2023,,,,,,,1/10/2023
LTHM,B,0.1,21.8,2.18,07.01.2021,S,0.1,22.1,2.2,06.08.2021,,1/7/2021
LTHM,B,2,21.86,43.72,07.01.2021,S,2,22.27,44.53,09.02.2021,,1/7/2021
LTHM,B,10,22.48,224.75,12.02.2021,S,10,22.01,220.09,06.08.2021,,2/12/2021
LTHM,B,1,20.25,20.25,18.02.2021,S,1,21.25,21.24,02.03.2021,,2/18/2021
LTHM,B,1.25,17.66,22.08,21.06.2021,S,1.25,19.3,24.12,30.06.2021,,6/21/2021
MAXN,B,0.1,29.4,2.94,18.12.2020,S,0.1,25.59,2.55,16.09.2022,,12/18/2020
MAXN,B,0.4,29.35,11.74,18.12.2020,S,0.4,39,15.59,01.02.2021,,12/18/2020
MAXN,B,2,36.45,72.9,23.12.2020,S,2,43.2,86.39,02.02.2021,,12/23/2020
MAXN,B,3,36.21,108.63,23.12.2020,S,3,44.51,133.52,04.02.2021,,12/23/2020
MAXN,B,1,36.6,36.6,08.01.2021,S,1,44.55,44.54,04.02.2021,,1/8/2021
MAXN,B,3,33.25,99.75,23.02.2021,S,3,25.59,76.76,16.09.2022,,2/23/2021
MAXN,B,1.3,31.66,41.16,31.03.2021,S,1.3,25.59,33.25,16.09.2022,,3/31/2021
MAXN,B,10,18,180,21.04.2021,S,10,20.51,205.09,02.07.2021,,4/21/2021
MAXN,B,8,18,144,21.04.2021,S,8,18,144,20.05.2021,,4/21/2021
MAXN,B,1,15.85,15.85,02.06.2021,S,1,21.35,21.34,30.06.2021,,6/2/2021
MAXN,B,8,22,176,02.11.2021,S,8,24.51,196.07,03.11.2021,,11/2/2021
MAXN,B,8,20.1,160.8,17.11.2021,S,8,22.94,183.5,12.08.2022,,11/17/2021
MFA,B,10,9.11,91.09,24.10.2022,S,10,11.2,111.98,11.11.2022,,10/24/2022
MFA,B,1,11.27,11.27,12.12.2022,S,1,11.65,11.63,27.01.2023,,12/12/2022
MFA,B,10,10.54,105.39,23.12.2022,S,10,10.56,105.58,06.01.2023,,12/23/2022
MFA,B,1,10.49,10.49,23.12.2022,S,1,10.56,10.56,06.01.2023,,12/23/2022
MFA,B,2,10.17,20.34,28.12.2022,S,2,10.56,21.12,06.01.2023,,12/28/2022
MRNA,B,0.02,86,1.72,12.11.2020,S,0.02,139.18,2.78,12.04.2021,,11/12/2020
MRNA,B,1,97.77,97.77,20.11.2020,S,1,125.01,125,23.12.2020,,11/20/2020
MRNA,B,1,156.5,156.5,14.12.2020,S,1,135.02,135.01,21.01.2021,,12/14/2020
MRNA,B,0.15,137.07,20.56,11.03.2021,S,0.15,139.18,20.87,12.04.2021,,3/11/2021
MSFT,B,0.25,225.8,57.68,01.09.2020,S,0.25,243.52,60.87,18.02.2021,,9/1/2020
MSFT,B,0.25,208.92,53.44,16.09.2020,S,0.25,216.44,54.1,12.11.2020,,9/16/2020
MSFT,B,0.25,208.08,52.02,06.10.2020,S,0.25,209.62,52.4,07.10.2030,,10/6/2020
MSFT,B,0.25,214.68,53.67,20.10.2020,S,0.25,209.62,52.39,07.10.2030,,10/20/2020
NIO,B,0.1,21.6,2.16,07.10.2020,S,0.1,53.42,5.34,30.06.2021,,10/7/2020
NIO,B,6,18.7,113.39,23.09.2020,S,6,21.63,129.78,06.10.2020,,9/23/2020
NIO,B,5,21.16,107,01.10.2020,S,5,20.99,104.94,29.09.2020,,10/1/2020
NIO,B,3,21.62,64.86,05.10.2020,S,3,21.63,64.87,06.10.2020,,10/5/2020
NIO,B,5,21.43,107.15,09.10.2020,S,5,27.58,137.89,20.10.2020,,10/9/2020
NIO,B,1.5,21.69,32.54,12.10.2020,S,1.5,27.6,41.39,19.10.2020,,10/12/2020
NIO,B,10,26.71,267.1,14.10.2020,S,10,27.88,278.78,20.10.2020,,10/14/2020
NIO,B,4.9,28.5,139.65,15.10.2020,S,4.9,32.09,157.23,29.10.2020,,10/15/2020
NIO,B,3.8,31.91,121.26,29.10.2020,S,3.8,33.18,126.07,02.11.2020,,10/29/2020
NIO,B,4,35.31,141.24,03.11.2020,S,4,40.76,163.03,14.12.2020,,11/3/2020
NIO,B,3,37,111,04.11.2020,S,3,41.25,123.74,14.12.2020,,11/4/2020
NIO,B,2.2,37.29,82.04,04.11.2020,S,2.2,41.14,90.5,14.12.2020,,11/4/2020
NIO,B,5,41.25,206.25,06.11.2020,S,5,59.87,299.33,12.02.2021,,11/6/2020
NIO,B,1.65,45.58,75.21,16.11.2020,S,1.65,53.37,88.05,30.06.2021,,11/16/2020
NIO,B,2,46.5,93,17.11.2020,S,2,45.02,90.03,12.07.2021,,11/17/2020
NIO,B,2,46.25,92.5,17.11.2020,S,2,45.02,90.04,12.07.2021,,11/17/2020
NIO,B,3,46,138,17.11.2020,S,3,45.45,136.34,12.07.2021,,11/17/2020
NIO,B,2,44.12,88.24,29.12.2020,S,2,45.27,90.53,08.07.2021,,12/29/2020
NIO,B,0.3,52.73,15.82,07.01.2021,S,0.3,58.13,17.43,19.01.2021,,1/7/2021
NIO,B,3,43.34,130.02,23.02.2021,S,3,49.91,149.72,06.07.2021,,2/23/2021
NIO,B,0.4,47.5,19,23.02.2021,S,0.4,53.42,21.36,30.06.2021,,2/23/2021
NIO,B,4,41.39,165.56,02.06.2021,S,4,45.16,180.65,15.06.2021,,6/2/2021
PFE,B,0.1,39.6,3.96,09.11.2020,S,0.1,42.8,4.27,29.07.2021,,11/9/2020
PFE,B,2,36.5,73,20.11.2020,S,2,37.51,75.01,23.12.2020,,11/20/2020
PFE,B,1,36.73,36.73,20.11.2020,S,1,37.49,37.48,23.12.2020,,11/20/2020
PFE,B,1,40.65,40.65,02.12.2020,S,1,35.05,35.05,05.02.2021,,12/2/2020
PFE,B,1,40.1,40.1,04.12.2020,S,1,35.05,35.04,05.02.2021,,12/4/2020
PFE,B,0.5,40.16,20.08,14.12.2020,S,0.5,33.76,19,23.02.2021,,12/14/2020
PFE,B,1,41.45,41.45,13.10.2021,S,1,50.01,50,15.11.2021,,10/13/2021
PFE,B,2,43.64,87.28,04.11.2021,S,2,50.01,100.02,15.11.2021,,11/4/2021
PLUG,B,0.1,17.8,1.78,07.10.2020,S,0.1,33.4,3.33,13.10.2021,,10/7/2020
PLUG,B,5,12.88,56.61,16.09.2020,S,5,16.07,80.34,06.10.2020,,9/16/2020
PLUG,B,3,18.48,55.44,08.10.2020,S,3,16.55,49.64,15.10.2020,,10/8/2020
PLUG,B,3,18.48,55.44,08.10.2020,S,3,22.95,68.84,11.11.2020,,10/8/2020
PLUG,B,9,17,153,03.11.2020,S,9,18.1,162.89,06.11.2020,,11/3/2020
PLUG,B,0.4,26.72,10.69,24.11.2020,S,0.4,28.42,11.36,15.12.2020,,11/24/2020
PLUG,B,0.6,24.77,14.86,04.12.2020,S,0.6,28.52,17.1,15.12.2020,,12/4/2020
PLUG,B,0.5,26.26,13.13,14.12.2020,S,0.5,28.46,14.22,15.12.2020,,12/14/2020
PLUG,B,2,31.04,62.08,21.12.2020,S,2,46.05,92.09,07.01.2021,,12/21/2020
PLUG,B,1,36,36,23.12.2020,S,1,46.01,46,07.01.2021,,12/23/2020
PLUG,B,2,59,118,16.02.2021,,,,,,,2/16/2021
PLUG,B,4,52,208,18.02.2021,,,,,,,2/18/2021
PLUG,B,3,44.29,132.87,23.02.2021,S,3,44.46,133.37,22.11.2021,,2/23/2021
PLUG,B,1,30.16,30.16,02.06.2021,S,1,29.96,29.96,17.06.2021,,6/2/2021
PLUG,B,2,30.29,60.58,02.06.2021,S,2,29.96,59.91,17.06.2021,,6/2/2021
PLUG,B,1,18.26,18.26,02.06.2022,S,1,19.35,19.34,07.07.2022,,6/2/2022
PLUG,B,1,17.03,17.03,28.06.2022,S,1,19.35,19.34,07.07.2022,,6/28/2022
PTON,B,0.01,117,1.17,07.10.2020,S,0.01,12,0.1,08.06.2022,,10/7/2020
PTON,B,0.9,99.14,89.22,23.09.2020,S,0.9,109.86,98.86,06.10.2020,,9/23/2020
PTON,B,0.09,99.14,8.92,23.09.2020,S,0.09,111.67,10.04,06.10.2020,,9/23/2020
PTON,B,0.01,99.14,2.19,23.09.2020,S,0.01,114,1.13,06.10.2020,,9/23/2020
PTON,B,0.25,116.12,29.03,08.10.2020,S,0.25,129.6,32.39,14.10.2020,,10/8/2020
PTON,B,1,131.21,131.21,13.10.2020,S,1,132.81,132.8,15.10.2020,,10/13/2020
PTON,B,2.4,101.36,243.26,09.11.2020,S,2.4,104.33,250.37,10.11.2020,,11/9/2020
PTON,B,0.75,111.35,83.51,20.11.2020,S,0.75,105.45,79.08,24.11.2020,,11/20/2020
PTON,B,2,87.34,174.68,30.09.2021,S,2,89.35,178.69,02.11.2021,,9/30/2021
PWR,B,0.05,67,3.35,02.11.2020,S,0.05,95.6,4.77,21.04.2021,,11/2/2020
REGI,B,0.1,59.4,5.94,07.10.2020,S,0.1,62,6.19,29.07.2021,,10/7/2020
REGI,B,1,60.37,60.37,08.10.2020,S,1,60.72,60.71,21.10.2020,,10/8/2020
REGI,B,1.9,49.23,93.54,23.09.2020,S,1.9,55.97,105.13,02.10.2020,,9/23/2020
REGI,B,0.1,49.23,6.11,23.09.2020,S,0.1,57.22,5.72,06.10.2020,,9/23/2020
REGI,B,0.9,56.96,51.26,05.10.2020,S,0.9,57.22,51.49,06.10.2020,,10/5/2020
REGI,B,0.01,57.05,0.57,05.10.2020,S,0.01,59,0.58,06.10.2020,,10/5/2020
REGI,B,0.19,57.05,10.84,05.10.2020,S,0.19,57.22,10.87,06.10.2020,,10/5/2020
REGI,B,1.33,68.97,91.73,08.06.2021,S,1.33,62.41,83,29.07.2021,,6/8/2021
REGI,B,2.4,51.47,123.53,22.11.2021,S,2.4,61.39,147.33,28.02.2022,,11/22/2021
RKT,B,2.6,37.6,97.76,02.03.2021,S,2.6,24.53,63.78,17.03.2021,,3/2/2021
RKT,B,2,34.75,69.5,03.03.2021,S,2,25.47,50.93,09.03.2021,,3/3/2021
SEDG,B,0.01,296,2.96,08.10.2020,S,0.01,273,2.72,16.09.2021,,10/8/2020
SEDG,B,0.3,259.8,77.94,20.11.2020,S,0.3,270.63,81.18,01.12.2020,,11/20/2020
SPWR,B,0.1,17.7,1.77,08.10.2020,S,0.1,21.5,2.14,10.05.2021,,10/8/2020
SPWR,B,10,16.17,161.7,12.10.2020,S,10,16.65,166.5,14.10.2020,,10/12/2020
SPWR,B,2,21.75,43.5,20.11.2020,S,2,21.65,43.29,02.12.2020,,11/20/2020
SPWR,B,0.49,47.76,23.4,01.02.2021,,,,,,,2/1/2021
SPWR,B,1.8,43.75,78.75,02.02.2021,S,1.8,49.51,89.11,12.02.2021,,2/2/2021
SPWR,B,3,30.5,91.5,23.02.2021,S,3,37.01,104.94,25.02.2021,,2/23/2021
SPWR,B,5,29.39,146.95,08.04.2021,S,5,29.44,147.2,06.07.2021,,4/8/2021
SPWR,B,6,16.49,98.93,23.01.2023,,,,,,,1/23/2023
SQ,B,0.01,181,1.81,07.10.2020,S,0.01,242,2.41,13.10.2021,,10/7/2020
SQ,B,0.09,164.88,14.83,31.08.2020,S,0.09,179.22,16.12,06.10.2020,,8/31/2020
SQ,B,0.01,164.88,1.65,31.08.2020,S,0.01,181,1.8,06.10.2020,,8/31/2020
SQ,B,0.86450753,152.14,132.74,16.09.2020,S,0.86450753,179.17,154.88,05.10.2020,,9/16/2020
SQ,B,0.03549247,164.88,5.86,31.08.2020,S,0.03549247,179.17,6.36,05.10.2020,,8/31/2020
SQ,B,0.05,190.4,9.52,13.10.2020,S,0.05,183.45,9.17,08.11.2020,,10/13/2020
SQ,B,0.55,183,100.65,15.10.2020,S,0.55,183.45,100.89,08.11.2020,,10/15/2020
T,B,2,25.16,50.32,04.11.2021,S,2,23.06,46.12,07.12.2021,,11/4/2021
T,B,3,24.78,74.34,04.11.2021,S,3,23.06,69.18,07.12.2021,,11/4/2021
TSLA,B,0.01,594,5.94,03.12.2020,S,0.01,809,8.08,13.10.2021,,12/3/2020
TSLA,B,0.015,297.33,4.46,05.08.2020,S,0.015,433.00,6.48,05.11.2020,,8/5/2020
TSLA,B,1,486.92,487.53,01.09.2020,S,1,434.10,434.08,08.10.2020,,9/1/2020
TSLA,B,1,486.92,487.54,01.09.2020,S,1,439.06,439.04,13.10.2020,,9/1/2020
TSLA,B,0.4,389.48,156.98,23.09.2020,S,0.4,437.05,173.61,01.10.2020,,9/23/2020
TSLA,B,0.1,420.20,42.02,06.10.2020,S,0.1,435.30,42.52,07.10.2020,,10/6/2020
TSLA,B,0.4,389.80,155.92,30.10.2020,S,0.4,413.00,165.19,03.11.2020,,10/30/2020
TSLA,B,0.25,432.72,108.18,05.10.2020,S,0.25,560.31,140.07,02.12.2020,,10/5/2020
TSLA,B,0.14,463.20,64.85,14.10.2020,S,0.14,560.31,78.44,02.12.2020,,10/14/2020
TSLA,B,0.01,463.20,4.63,14.10.2020,S,0.01,433.00,4.33,05.11.2020,,10/14/2020
TSLA,B,0.975,422.99,412.42,20.10.2020,S,0.975,433.00,422.17,05.11.2020,,10/20/2020
TSLA,B,0.2,642.2,128.44,08.12.2020,S,0.2,667.5,133.49,29.12.2020,,12/8/2020
TSLA,B,0.3,671.93,201.58,18.12.2020,S,0.3,838.3,251.47,28.01.2021,,12/18/2020
TSLA,B,0.18,675.56,121.6,18.12.2020,S,0.18,845,152.09,28.01.2021,,12/18/2020
TSLA,B,0.1,875.2,87.52,27.01.2021,S,0.1,825.9,82.58,15.10.2021,,1/27/2021
TSLA,B,0.2,632.7,126.54,23.02.2021,S,0.2,638.8,127.75,24.03.2021,,2/23/2021
TSLA,B,0.16,736.81,117.89,26.04.2021,S,0.16,710.81,113.72,10.08.2021,,4/26/2021
TSLA,B,0.025,664.4,16.61,20.05.2022,S,0.025,710,17.74,26.05.2022,,5/20/2022
U,B,0.01,164,1.64,08.12.2020,S,0.01,160,1.59,08.11.2021,,12/8/2020
U,B,0.09,98.3,8.85,23.10.2020,S,0.09,105.58,9.5,29.10.2020,,10/23/2020
U,B,0.01,98.3,0.98,23.10.2020,S,0.01,164,1.63,08.12.2021,,10/23/2020
U,B,1.1,100.12,110.13,27.10.2020,S,1.1,105.58,116.13,29.10.2020,,10/27/2020
U,B,1.1,98.32,108.15,02.11.2020,S,1.1,105.05,115.55,04.11.2020,,11/2/2020
U,B,1,155,155,28.01.2021,S,1,161.25,161.24,08.11.2021,,1/28/2021
VTRS,B,0.1,17.7,1.77,20.11.2020,S,0.1,17.79,1.78,08.12.2020,,11/20/2020
XPEV,B,0.05,26.4,1.32,04.11.2020,S,0.05,44.48,2.21,30.06.2021,,11/4/2020
XPEV,B,4,27.26,109.04,04.11.2020,S,4,33.75,134.99,09.11.2020,,11/4/2020
XPEV,B,10,30.94,309.4,05.11.2020,S,10,32.25,322.49,21.04.2021,,11/5/2020
XPEV,B,5,30.94,154.7,05.11.2020,S,5,31.03,155.14,20.04.2021,,11/5/2020
XPEV,B,10,31.48,314.8,05.11.2020,S,10,39.14,391.4,16.07.2021,,11/5/2020
XPEV,B,2,37,74,06.11.2020,S,2,46.25,92.49,17.11.2020,,11/6/2020
XPEV,B,4,34.5,138,06.11.2020,S,4,72.26,289.02,23.11.2020,,11/6/2020
XPEV,B,3,32.75,98.25,10.11.2020,S,3,45.76,137.27,12.11.2020,,11/10/2020
XPEV,B,1.8,37.37,67.27,12.11.2020,S,1.8,43.86,78.94,16.11.2020,,11/12/2020
XPEV,B,2.8,46.22,129.42,12.11.2020,S,2.8,52.21,146.18,20.11.2020,,11/12/2020
XPEV,B,3,46,138,12.11.2020,S,3,56.13,168.38,20.11.2020,,11/12/2020
XPEV,B,1,55,55,01.12.2020,S,1,55.05,55.04,30.11.2021,,12/1/2020
XPEV,B,2,45.5,91,14.12.2020,S,2,47.2,94.39,18.12.2020,,12/14/2020
XPEV,B,2,41.75,83.5,24.12.2020,S,2,43.34,86.68,22.07.2021,,12/24/2020
XPEV,B,1,39.86,39.86,29.12.2020,S,1,40.01,40,08.07.2021,,12/29/2020
XPEV,B,1,46.93,46.93,12.02.2021,S,1,51.01,51,29.11.2021,,2/12/2021
XPEV,B,6,18.93,113.58,23.08.2022,,,,,,,8/23/2022
XPEV,B,3,16.21,48.63,09.09.2022,,,,,,,9/9/2022
XPEV,B,8,14.57,116.56,16.09.2022,,,,,,,9/16/2022
XPEV,B,14,10,140,06.01.2023,,,,,,,1/6/2023
XPEV,B,20,10.11,202.17,09.01.2023,,,,,,,1/9/2023
ZM,B,0.01,376,3.76,27.01.2021,S,0.01,81,0.79,24.10.2022,,1/27/2021
ZM,B,1,528.38,529.57,23.09.2020,S,1,518.88,518.86,13.10.2020,,9/23/2020
ZM,B,0.2,492.85,98.57,05.10.2020,S,0.2,496.20,99.23,09.10.2020,,10/5/2020
ZM,B,0.5,479.96,239.98,05.10.2020,S,0.5,483.90,241.93,05.10.2020,,10/5/2020
ZM,B,0.1,479.20,47.92,06.10.2020,S,0.1,484.80,48.47,07.10.2020,,10/6/2020
ZM,B,0.2,498.75,99.75,12.10.2020,S,0.2,551.07,110.21,20.10.2020,,10/12/2020
ZM,B,0.25,517.80,129.45,15.10.2020,S,0.25,551.07,137.75,20.10.2020,,10/15/2020
ZM,B,0.2,524.35,104.87,15.10.2020,S,0.2,411.31,82.26,08.12.2020,,10/15/2020
ZM,B,0.25,531.92,132.98,15.10.2020,S,0.25,411.31,102.82,08.12.2020,,10/15/2020
ZM,B,0.25,563.48,140.87,16.10.2020,S,0.25,411.31,102.82,08.12.2020,,10/16/2020
ZM,B,0.15,580,87,19.10.2020,S,0.15,322,48.29,12.04.2021,,10/19/2020